"M","O","P"
-1.07558879476967,0.684303125440873,45
0.911290168915578,-1.57178046795252,85
-0.524079394792959,-0.641797226108702,75
0.117097593035211,-3.10522999066135,80
-0.419783998061973,0.0242274737400292,70
1.44918708388666,1.53605956310479,65
0.0331061795696731,0.466551408886931,60
0.879576776653319,1.35221478655236,55
-0.331796931264568,-4.71005465459885,85
-0.369820042463301,-1.51123839789988,85
-0.265395017312968,-0.34168748323962,90
0.675310876244999,0.360068435174305,60
-0.689766542563308,1.09213700919459,85
1.29281517906287,-0.837461087302736,60
0.741554397050762,-3.05967805840782,75
1.03955424504933,-1.08350345557138,70
-1.1239389925735,2.94342055516704,0
-0.0288904677616078,1.10808102118455,65
-0.2266753230028,0.203605725562119,65
0.673243533634287,-0.371739712876306,80
-0.439447921451013,-0.16129959500912,80
0.240865533992446,-1.66040983645597,55
-1.47216288950417,-0.643695682160297,80
-0.176325478829073,0.420736346486378,60
-0.552804538395544,1.03577490389327,70
-1.19912161461971,3.97395055921374,70
-0.525802039356665,0.537625303193614,70
-0.769234666780358,-3.98667986196293,0
1.11282582360331,0.440304554886451,60
0.250890951960026,-0.222351271289602,90
1.31495029211958,3.76592925642386,90
1.18288239130786,1.36416527785065,75
-1.4083065975315,2.89167463577843,60
-0.196580117120008,1.44794055641589,65
-0.400751743684258,-4.11075505437575,70
0.334231672784546,-1.65339906562014,75
-0.185643535916934,0.734511042020237,70
-1.23988764280513,-0.292305805791852,65
-0.29473443777533,0.079456006885504,65
0.829859091872939,-0.892605966185546,70
-0.89143553076504,1.89451798928543,85
-0.482571910898996,-0.145857552716745,80
0.64414559030196,2.03577662053547,90
-0.806695058309031,2.6095035613237,35
-0.0454080840542848,2.4595825709548,75
0.0885294842356893,0.0108757520872576,95
-1.46697222903748,-0.632746064707599,70
-0.0333545255240431,0.215327432094575,70
0.486281687963525,-0.348799996003306,85
0.796789165434879,0.842097338418067,55
-0.644352009949062,-1.22744056618769,80
0.0231210709294744,-0.562920755778627,80
-0.117339938327259,0.0115656008905078,75
-0.233134014152557,1.4535121290568,75
-0.335949668213649,-0.508363036442058,65
-1.04336422721528,-0.0338463794908095,65
-0.484873009923296,-0.283240249678776,75
1.03135096883341,-2.69218368802779,90
1.18302331843918,0.467607363380539,80
-0.773043403380823,-0.575346371548948,75
-0.992318184424412,0.552815679920682,55
-0.736107827157749,-0.907162234879049,90
-0.882154328555652,0.0629619428953322,90
1.31889696666709,-1.8464866133002,55
-0.668779134209274,2.64294208498463,75
-0.828414961314175,0.843600508092881,65
1.01264999011863,-0.274382215995062,85
-0.878890968849682,-1.50626598932911,80
-0.0411725932865506,0.811870505099613,70
-0.651918562851752,-1.09348494029606,20
1.06361053033293,0.544589143986529,80
0.868824887501675,-0.456359720973,80
-0.206845806058643,-2.01574907244589,90
1.16720739195525,-2.13793834461502,75
0.552129080595928,-0.220128158236158,90
0.0958007988746764,0.941751097858888,90
-0.304504702768496,-1.36089517988367,80
0.826578020341527,-0.896684085239791,55
-0.941245944787438,0.6086015902331,90
0.482609055957707,0.249506527365606,45
0.774349534965618,-1.18843706016399,70
-0.721231067515203,-3.50679160309912,85
0.920660446113816,-0.866509418709092,55
0.132422533091679,-0.214693576643612,65
-0.236576690378722,1.21820655501814,45
0.823105011433336,-0.628270237409359,80
-0.191084141843665,-0.267654680422128,75
-0.315190640852729,0.759613797143904,80
-0.330441515933779,-0.724128493279232,75
0.818541875866764,0.399946351361964,85
1.22850670661216,-0.55125807504297,50
0.852758150780356,0.124918634585125,80
0.259805334205787,0.419765772869882,85
-1.40960985392709,1.2389883502828,75
-0.953949678284418,0.0375989435050105,85
0.767348567570739,-5.58839298043648,85
1.01742035029726,0.504723629220539,65
0.238370814611718,0.52060497124408,85
-0.513062221806892,2.15511982422654,65
0.825119060437593,-6.67212183677185,95
-0.0151973858616207,0.516139870762804,80
-0.404482265416516,-0.29120304385857,80
1.46713274762193,-0.562509587435813,85
0.204688535104334,-3.73623887515926,70
-1.30344190335978,2.51357334466581,75
0.996701710365658,-2.41425381242361,70
-0.73807664417399,0.630276422543945,85
-0.352788538566955,-3.32373145941709,85
0.695904952088465,-2.54892828550749,70
1.2276065486028,-0.0603356650663303,75
1.11657059832272,3.06790317703222,90
0.409301101784392,-0.313120483500527,70
-0.549678947368532,-0.937632371658449,80
-0.82576563447377,0.943116658909218,60
-0.133262167993684,1.03762112482862,75
0.591373475281325,3.90328083231339,75
0.85787077151123,-0.845576367889646,80
-0.660577130300472,-1.23720611607152,75
0.793790837542624,2.28575657195227,85
0.252373710882812,0.474096804451461,60
0.596776885057367,-19.6234047873349,30
-1.10644478474551,-0.036743513705962,95
-0.815146912197294,-2.35993307350336,75
-0.335500636473709,1.07096869237446,90
0.856336665496603,-0.116430198609982,65
-1.36736595303524,-1.9631145814107,55
0.79902809111584,0.604791099113086,70
0.352863521664121,1.34929509105957,85
0.499681156434258,2.09528239584347,75
-0.736322150291676,-1.78041072775721,85
0.41185561453528,-1.05885796836528,65
-1.01889360816666,-0.967182418078778,90
-0.807995046637853,1.41777433235855,75
1.45919831118443,1.55782998153261,65
0.473303286905209,0.703099280629283,65
-0.704265616132248,1.91890270030172,55
-0.803021462297729,-0.14033483366305,60
-0.654161476650254,0.181798874667412,75
1.26266146212905,0.0611507734913012,70
-1.44352585800254,1.0249325387403,85
1.3366704954646,3.02163744750939,65
0.144674831436606,-0.45706686120975,85
-0.819732069508672,0.0129641548553296,60
0.648373319572261,0.570914283115384,85
0.555968624421225,1.19631358743578,75
1.35530235831403,-1.64010953917184,65
-0.67012833057211,3.30570447641058,60
0.846925300938751,-3.33591147971458,65
0.848561926310751,-0.888615233846766,60
0.758911615244429,-0.463641708820722,90
0.543778087712909,-0.374480088257864,85
0.228100099155917,1.21618174101208,80
0.185083342211648,2.43014086675418,75
0.490114632817135,0.841205676232265,60
-1.2632720791408,1.99790114843152,70
-1.43478496343907,0.534191875061107,70
-0.528614350940227,-1.84812491886637,85
-0.028007255021008,2.06247893414553,95
-1.38050168934284,-0.122271695978819,55
0.375662546109688,2.31333719702058,80
0.808669775614101,2.84583592474372,85
1.35136389340165,-1.09039160192777,60
0.564405061727227,-0.508973255490134,85
-0.908138108744539,-0.0862638988843266,30
-0.752277311758431,-1.30386564226708,60
-1.0300662554776,1.68781283333192,80
-0.760225542218113,-0.368142117572785,85
-0.216553710802149,-1.37946591441674,45
1.25384964881149,-1.31845149403764,80
-0.32909068153406,-0.00789690588126737,70
0.523330524438263,-0.63731521541912,90
0.17446843558669,0.573004116339585,60
-0.164904227690722,0.790922674872051,85
-0.420372500926895,-3.07280659921089,55
-1.20114430222886,-0.98052609977484,85
-0.77021644159943,1.39406105871451,75
-1.08210477688645,-0.643200727437738,90
-0.0485452858022547,0.557344157071031,70
-0.374713142876133,-0.0400719105825461,60
0.275596749983308,-0.0892733333120585,80
-0.72059539994936,0.370302643384501,85
-0.352702395388842,-0.246844190114816,50
0.805084594566197,-5.6466117218478,65
0.777152248748311,-0.143247719991791,60
-0.869316463517455,0.245384885907589,45
0.301265288879177,1.42265953406203,90
0.556360337041201,-0.719509103400076,85
0.80062401758103,-0.283376027587581,65
0.738091049018886,-0.260087644707423,90
-1.34779912068614,-0.113174189121937,75
-1.35335872892486,0.091266325046173,75
0.973447183241085,2.44763022569167,90
-1.1533647329848,-7.37584053465673,50
1.08577742787839,0.985039505294353,85
-0.212886294230262,0.813444681047725,85
0.943655204325342,-0.535256412278192,80
1.38596329075723,1.77485018037219,85
-0.381464634944436,-1.5444423535685,80
0.299789574801346,-1.30706467556989,65
-1.01364665327962,1.64532985278892,30
1.1376523651966,2.30384665395199,85
0.163143214080989,-0.608187536027801,80
0.225428924338598,-0.73717560705186,80
0.38415494638241,-0.0428955161321521,80
-0.361320807022079,-1.20522871197562,60
0.986358727709079,0.569021233550098,90
-0.389567992753302,0.424349610150785,65
-0.54325093301763,1.64299820363672,65
0.823969500276264,0.254946321648244,80
-0.56451393492549,-0.0485703099772434,55
0.078909353788585,1.42568049495445,80
-0.157221204710458,0.151369754888948,70
1.17339345606886,0.738043178979443,65
-0.92836171572052,-0.644121825051269,45
-0.555877681702665,0.493308567585169,80
0.918918659196523,-2.18515609746921,90
0.785069683958606,-0.597381995580245,55
0.892149208426494,-6.96747594430299,55
0.430293422732906,-0.911465351117223,95
0.924576722354701,0.0247999030106773,85
0.329341476484031,-0.0766344520043599,80
0.246818994203145,0.562989176615288,60
1.23422975401087,0.119269178246505,90
0.672820160676439,0.85787472041422,80
-1.32515342413445,0.336502258045815,65
-0.548100963212388,0.301167807747618,50
0.0217316914805451,-0.560619180801918,85
0.711280784024637,-0.750356807344102,80
-0.382813112193649,-0.567281251864159,80
0.530313218338856,3.9081876915819,55
-1.22937207448779,-1.38150602611762,70
-1.13153585808257,-0.866148620444443,75
-1.39893770241489,-0.107787302105313,70
-0.913554371378312,-0.144953138267539,85
0.0957778916859355,0.278418703269137,70
-0.167077264002493,-1.8730654344263,70
-1.22940983184989,-0.530661785354787,85
-0.246518930977557,0.899727999521805,70
1.20535157124769,0.823092466979981,60
-0.528472302764604,-1.67078543385512,65
0.527802842023684,0.136428697551611,50
-0.307706203445237,0.778601877188962,75
-1.20685170899218,0.612803030575395,55
0.694473237963344,-0.512889902738694,75
-0.560391068771786,0.222269101695494,85
0.827968962191433,-3.24063464914733,85
-1.38797581996239,2.48853576529959,65
-0.283352364551921,-2.28434096665849,75
-1.10839462474829,-0.686524832085192,75
1.46371197723295,-0.422163199508009,70
1.11740260157891,-3.16411748078453,85
0.299974656811821,0.291583888921769,85
1.13257178608358,1.13194023771968,55
-0.76880961520402,1.03057292151199,80
1.23280550959272,0.593220075304737,90
-1.02653154463344,-0.437223614203006,85
-0.820653072333677,1.39193106491405,70
0.595083741640102,0.310578508451262,85
1.03003788385017,-0.300656748588225,65
0.385877406359765,0.418863448977987,80
-0.11853298884882,-0.583570715824924,40
-0.160929386998635,2.77887730234482,85
0.381905368640233,-0.728568556842178,85
-0.297271489847503,0.867206641817108,80
0.566861293487415,-0.0648448148467518,70
0.329071164908426,1.30947402465673,95
-0.318302311853641,2.73069488022817,65
0.138298802677358,1.60850005266478,85
0.842517352596585,-2.41144144524368,60
-0.607678137387964,-0.112418964074537,75
-0.354082345988694,3.44573651009032,75
-0.842562076261935,2.3844460987811,65
0.552868390580605,0.915724259193652,85
-1.16572203580605,-0.458038480540117,80
0.132114144103639,-1.2086998060803,80
-0.12022017937818,-0.214621553896815,35
-0.733521720882041,0.354946521357767,70
0.61382315598214,-1.50562632841523,70
-0.973675858592735,-0.444270583856308,85
-0.675148829106144,1.11972712395508,90
-0.542957627509515,1.07835598352588,80
0.244826325120089,-0.823532254232699,90
0.79215580286964,-3.04415890572309,90
-0.300204110032521,0.261165842102247,80
0.516170427534188,-0.485014345005151,80
1.09512794182711,0.81671774392534,80
-0.662246492541183,-0.244469263174835,70
0.283965322985114,-0.0906903004958982,75
0.6753117599299,-0.983120479059356,75
-0.55449566355236,-2.46735480287311,60
1.21783219835865,1.73233221752773,85
0.308979446593476,-0.56690490790244,40
-0.430472069554519,2.02497182231889,50
-0.989783013371996,-3.56263753002313,90
-0.333094475963298,1.78279149710225,90
0.522698199822514,2.65300176470834,55
1.39988400482442,0.643765975799076,80
0.908428928843465,0.352824218186961,65
0.746247637605307,0.205164724156519,90
-0.629368206551233,2.71075127188908,70
-0.787941210551248,1.28851136167719,75
-0.0745968245895651,-3.39583984237438,75
-0.478957671510407,1.03151222358128,70
1.2762474994183,-0.156813012334317,85
0.43404615673756,-2.32264111338519,50
-1.09618190647866,-0.352947905444566,45
0.427598130482922,-2.7111591696234,75
0.826985490764235,-3.53568412955411,25
0.582163569862111,1.11858490921547,85
-1.08732359297719,-4.13578499041773,60
-0.754053358904772,1.75415840643785,80
0.586382205294326,0.36333293918134,80
-0.275696035745823,-0.609805697189183,75
0.99194585210042,1.04377547652227,90
-0.52112466454258,-0.619286500578304,70
0.144480400391085,0.965579157008959,80
-0.619841240119379,3.62862776740472,90
-0.0681887522102042,0.336889634529556,35
-0.381875820621848,0.451668087089214,30
-0.706479260162423,-1.13647142184235,85
0.948838522433523,0.563050517061456,85
-0.987580862265372,3.43181473756126,60
-0.749173434982568,0.107253514174044,90
-0.203712782609801,0.942978137299934,85
1.33874778577873,-0.572890903442958,65
-0.911415829027641,-0.153171834181387,65
0.948706857170859,-0.881840415784238,90
-0.76237755457805,-0.122928662019125,90
1.19785843545427,-1.48595327062262,90
-0.367996415627209,-2.34321766668141,80
-0.93019331626073,-0.252065657277544,80
1.26275772391239,-0.980111662348765,50
-1.42838302209323,-2.50642581783222,85
-0.354009473757745,0.86657561864671,55
0.871601697583627,0.229217082584621,65
0.302413046341046,-0.0877983526182353,80
-0.905406962264578,-1.41940171596481,70
0.75351849514911,-9.69412337979629,80
-0.70964013485218,-2.24308525027952,85
1.03117648739352,0.383281283097437,90
-0.704768823661894,-5.01405708763934,55
0.701363166754479,2.17778509608185,40
0.88962662433541,-1.84034160192657,80
0.323935232429001,3.04790750055992,60
-0.155839789679857,-0.527159440807879,90
-1.01372726696599,0.635974813902226,35
-0.865406027705425,-4.44241956660307,50
0.78464119974959,0.260980654874407,75
0.912690956184553,0.119316333374129,85
1.22644985821494,0.237859854230745,85
0.96021322553689,0.527908169176178,40
-0.43822180400003,-0.698084823605528,70
0.221584288728328,1.99430004861351,90
-0.170137074234956,-0.257933060093167,90
-0.494363323149693,-0.918303988441653,80
-0.211927358746871,1.04188248334987,90
0.218592737876635,0.808927871503296,80
0.0401245400856578,-0.10460016852746,40
0.181294412726152,-0.323742728652007,85
0.431325886833923,-2.5112680428911,75
-1.33493802874321,-1.33398970767956,85
-0.323218658365385,-2.24148522049636,65
-0.30608870799822,-0.276435456972859,80
0.441956866655693,2.02143703341832,75
-0.832392591222494,-2.02922341915808,85
0.653608040384602,1.13134443166935,60
1.0054535478691,1.78757020825822,50
0.613862265946377,1.35743727442761,70
0.204951468276602,3.19485125045534,45
0.342563236165309,-0.97717543332159,55
1.0197704147124,-1.33308759620534,80
1.1195378820469,0.687467311553975,70
0.593352484669821,0.702452726011876,5
-0.486666699023066,-0.303022737567514,60
-0.650226015588697,0.3447215103387,80
1.09562450430762,3.95209834063588,70
-1.06822949312531,-0.121647805480068,0
-1.16975423507274,-0.242208626273399,85
0.421830246099407,-0.898911567893452,90
-0.725957431452179,0.102049045956985,85
-0.544353046039847,-2.91747268273705,55
-0.980195064739532,1.51587860374172,50
0.286920801000241,-0.436550245103072,70
-1.15381831569158,-0.0746125621078171,80
1.33561522012816,0.617646994652356,80
1.39135365299974,0.42185261787585,75
-0.620630126026707,0.698954305932702,85
0.108530668106052,0.75599748639948,50
-0.704446277907536,-0.933880415713747,85
-0.140887561805971,0.767783241914169,85
0.215363769326695,0.144395958939819,65
0.167971432711322,-0.201619892808794,20
1.36931844184549,1.87164512879868,80
1.28864301323824,1.59958039624385,75
0.680122533599372,0.28229512364852,80
-0.237005173470845,-2.31689073224536,40
-1.04331211314321,-1.48389384416139,80
0.136829958025997,-0.044461277545281,80
-1.1196023870991,2.87343949427397,60
0.271678946961409,-1.42822633117295,50
-0.144436014606513,-0.0352353304922213,80
-0.201784327088416,-0.394630367160557,100
-0.0371632318986008,2.35942240660421,50
-0.437797799841451,-2.03739537648077,45
-0.48898402330604,-1.45060675941816,15
0.201826998117927,-0.698976395620557,95
-0.793952451717783,-2.21567576784077,75
-0.436921764057504,1.63157829974865,70
-0.713557038203833,-2.66154291859244,70
-0.751446510771741,-9.00347801157987,60
0.410684414829426,1.01265949744361,65
0.34089042882966,-0.519393350182348,85
-0.352843541997613,-0.620677291061495,75
-0.355947813154393,1.26508019955277,60
-0.147727969024325,0.263111870177136,85
0.16737912693388,-2.23186959552224,90
0.158541002122634,-0.414188795940308,60
-1.27175150849504,1.2595198843146,85
0.573751651703086,-2.61278960748155,85
0.204184692275268,-1.68794264167339,75
-0.194913193595333,0.772070406948236,70
-0.189168832559658,0.420621497443959,80
0.964144648497343,0.923866806500329,30
0.791768815158843,1.33073248338502,60
-0.322850959955237,-1.03513710842722,60
-1.16995497270649,1.42644695855143,50
0.166813900231342,-0.940664301111961,90
0.673214512974659,-0.321296724708403,65
0.935930689082933,-2.8166936921802,75
1.26693027454218,-0.592570456315057,70
-0.265280772363157,1.25215463318948,55
-0.487634769161872,-6.33754018667012,60
-0.0545060218509257,0.867832058990597,55
0.0678890485173766,1.54468192610774,75
-0.914606273945682,-2.29741216185461,75
-0.727283054731137,-0.467284452166286,65
-0.882696403603213,1.47024619952899,80
-1.03721899502938,0.711150170982344,85
1.10342895915643,-0.843930138871392,80
-0.0223154687219331,0.650926981774318,40
1.40005043287034,1.37628881822542,55
-1.49480243312597,-0.22839455283046,55
0.530421518904179,-0.519021067185837,60
-0.574269966201519,-0.440211817592941,80
0.228024533090703,0.734783474310657,75
-0.60411742870895,-0.149643061403551,85
0.844150863252244,-6.17982589316023,65
-0.372470424518666,1.96768107667264,75
0.656445102055235,-1.13643497430126,80
-0.768489099621602,0.156204448427383,75
0.955263647579658,-0.334144097473324,65
1.2094904779781,0.424040052011439,85
-0.809084385096347,0.105721219313011,65
0.281879308411359,0.651473106412827,90
0.522431452911676,-1.36839006613893,60
-1.21296090970419,0.482655110487529,45
-0.075920957591503,-0.26606575492911,80
1.04918963074816,-0.824962800218304,85
0.291337456228249,-2.78045909015636,80
1.42648090827835,2.39587067795465,70
-0.0334185029996553,-1.5068816210489,80
1.29297985586152,-3.6963914659912,80
-0.137150907391991,5.97472339932107,75
-1.02725577898035,0.723213941487451,100
-0.19449072612158,1.92091684401294,80
0.365604657526664,1.1804622875586,50
0.740491084849799,-1.58958590259043,85
-0.339785849895955,0.0109357160585884,65
-0.64884843142459,0.0881528388688634,95
1.38923778241937,-0.838637764393981,85
0.935210404555876,-0.458124933564443,75
0.0669418856182938,-4.01827642423595,55
0.0188050163371467,2.45059020984473,90
0.51322838493727,-0.468729390761876,55
0.0731768420790216,1.35597555583196,60
-0.288630994867409,2.00086245238404,85
0.76750411534252,1.63138862001981,60
0.951477669749253,0.795321671459616,50
1.31568381528848,1.16166531017992,90
-1.04751222449445,6.298921099667,55
-0.0431466736884285,-0.680277393337492,40
-0.323457984854015,1.11086836955721,40
-0.509335374786184,-0.618111503262754,85
-0.376851532887774,0.43620914287699,75
-0.175129103366793,-0.420435504713709,45
0.608509267411101,-0.696164959482532,1
-0.200017538549102,1.31478059604323,85
1.46567150001076,0.227451954376216,75
0.829117376882034,-1.79560407458866,95
-0.491397906661916,0.913986984463636,50
0.822869266175773,-1.7930616120601,70
-0.364203133294844,0.145334627375809,85
0.980098893256789,-0.351153299227959,85
-0.742237250204837,-2.98141372435494,85
0.508818309990418,-2.41777375821217,85
0.612501589563242,-0.0691796614489117,80
0.811784049066123,-0.117413479210814,95
1.36626569142751,0.224861116710625,85
-0.783479064779867,-0.559163563763393,85
0.0491870614141205,0.364834535761801,60
0.978783659692828,0.207134067988431,85
-0.371145847473413,-0.837782924931694,75
-0.690807915585014,0.139912692803488,40
0.559665456277309,-0.254469810520116,80
-0.4413562640235,-0.793307981797455,75
-0.181399808577083,-2.38662604942955,65
-0.230259727454137,-0.73244536810309,90
-0.14217401276421,-1.49402185530857,80
-0.04722402111065,0.870413464471381,75
1.16513357839488,-2.38634905224382,70
0.0964657511368899,-0.191390489739093,90
0.43625449848364,1.80220737179628,85
-0.619386236472506,-3.41059487203611,60
0.782442658896893,-2.39890495294979,90
0.741028045296613,0.570006412901184,80
0.956235214704735,-0.262562831011306,60
0.0583387748128475,-0.722782940036525,90
-0.0812439472284834,-2.3134766858855,60
1.00929040217908,0.255396782513668,80
-0.121002639332879,-0.341736779299856,85
-0.0807424089152612,0.489722411064558,70
0.750895486372805,2.17441888335403,70
1.06263836973665,-0.124596230909319,55
0.763716366496001,-0.254595484881637,45
0.678110324404974,2.78974126049303,80
0.911462279244428,-2.61370569364278,90
0.631323857285505,-1.60566234870311,70
-0.0766525078514012,-0.0460433625532386,85
0.110318563033199,1.31890436936706,85
1.40487463934075,-0.364440474422378,20
0.694604526319949,0.271279382991627,85
-0.367369679080047,0.93715861482731,80
1.14037007074461,-0.680418796206547,30
-1.40981077557862,-0.950318947468027,85
-1.17681859827535,-0.230154376823857,85
-1.04137316006985,-0.30464529509916,55
0.614760594097033,-2.47464803914872,80
-1.46941724399027,-0.158313868954259,85
0.320372884965643,0.694741242673212,85
0.684684113385475,-4.31427149417808,70
1.0464233889363,-0.94013771598341,75
-0.0543777048787683,-1.07513144129146,75
0.163836331713859,-0.977503617532784,90
-0.326575515968127,0.993219947388267,50
0.366432781088545,-1.37610204760742,50
-0.38426947266647,4.45616727459472,85
0.0414185241087743,-0.4641299025671,20
1.3669980107751,-1.01314026765046,45
0.795986614358439,0.241548488498832,85
-0.106403366214481,6.51452619451819,85
-0.831630090003138,-0.224873661927369,65
-0.531459465646214,-3.44739623785171,65
1.11157531762619,0.736776684241501,50
0.315485180711852,-1.16849300845955,80
-0.539782246573893,0.114480835783392,80
0.0119509377231991,-0.61177991460116,85
-0.298816841307946,0.100832400371232,85
0.662242575021202,-0.00372639154955596,90
-0.154260728378376,1.55300017238618,75
-0.821997810955407,0.437346384088859,80
1.25039872415579,0.1369243691656,40
0.0186157020143615,-2.48770103900425,85
-0.775440750738753,0.134277296986182,90
1.3821293885098,-0.120568921490016,75
0.933676134210881,-0.420912311073598,70
0.118771065173425,-16.7785843426574,0
-0.640683186432569,2.06788469230444,55
-0.920680451175713,-0.801198995850979,50
-0.393929142314281,0.694922741697182,85
-0.614500638500862,0.959064231047558,80
0.86319787666627,0.998311981607592,75
0.569689973566358,-0.675864606088323,50
0.242272283824148,-0.602463309133541,80
1.01319811079028,-1.5778240788946,75
-0.488776259897007,3.61434829287659,70
0.581402720857104,0.0841809092553783,50
-0.257085262143538,3.06681903746426,85
0.626596421144378,-1.46916997620135,65
-0.332002086862885,2.07972557536255,80
0.875829796326035,-0.290361149480985,75
-0.776122053310955,-1.80436975701777,90
-0.326577512115528,-0.391892219042613,65
0.516474266554945,1.05570831294892,90
1.36131454867567,0.816654719105663,70
0.187692175223706,-4.39519280721458,75
0.427143476794073,0.145250153340705,95
-1.43829035785602,2.34027114342539,95
0.567056027091901,-1.86886087001322,75
0.89059766477913,2.23288397746099,80
1.02271988673595,-3.26871283220228,0
0.869470815681611,-0.895484344157418,85
-0.372491228183536,-0.105689427837941,70
0.0140378710289,3.51358970807208,65
0.654291046449856,-0.735979550875385,90
0.866907856416034,0.172693881720253,65
0.0894548078157511,0.0536481656661567,95
-1.21686577486225,-0.762629256678602,65
0.0874899154003929,-1.71023753999247,90
0.380022744283252,-5.55591002220891,75
0.319004290277727,-0.614572763995755,80
0.0264503360386298,0.116907861477074,75
-1.13528828716659,1.25856962907424,85
-0.824595482247651,-3.4468339335685,70
0.113699812369271,1.53120642835363,75
-0.320716308363777,-0.0894526849416606,50
0.430240354328567,1.89977615393407,50
-0.410021745194474,-0.761322130203459,70
1.24192897962486,-0.173379351288619,85
-0.811113302693082,0.427671232254854,85
-1.40611891080488,-0.327904793132191,60
-1.39271160887042,0.0406638021603137,50
0.984752204246051,7.13781712668662,95
0.0722695468656453,-0.120074830241488,90
-1.10668035677885,0.163270500852432,65
-1.45173723579483,-1.94883895463446,55
1.28849440619501,-1.59782944127664,55
0.226835244853024,1.10359047296012,85
-1.07097967790148,-0.101208594407437,70
-1.18680457400278,-0.0100868754101206,60
-0.139686150167925,-0.868268561620836,70
-1.23568093048632,-0.192940371315557,60
0.155879921859349,-2.55971842736323,25
0.104030685444794,0.163401250636994,70
1.20180422784826,-0.994772010864814,75
1.06995632761236,0.702554763243737,50
0.113894688051142,1.44986785317202,85
0.735803704121731,0.710843415009282,70
0.257111062674894,0.994225757204412,80
0.481695685244339,4.90439220186373,90
-0.84952290110106,2.26679027203862,55
-0.953569090788973,-0.155143805781671,0
0.579802395475488,-14.235817199542,35
-1.12147071287054,15.3272969703678,85
-0.739790282746973,-1.88678215030512,80
1.07597121532878,1.83449746008611,80
-0.359135120744645,0.339468677109179,90
-0.337688997694063,0.356983077711686,75
-1.39553732522424,-0.874192204088261,65
-1.25967328581144,1.27695370723684,75
-0.212652381817545,-2.74994632685654,80
-1.18271337990261,-1.69842453519279,0
-0.0576769013770934,-0.828471808279149,75
-1.09289980564146,-2.05878025201991,75
0.355927317373856,-0.913109865301779,90
1.31863489756789,-0.427844521760937,60
-0.328249713807267,0.143484911838919,45
-0.26583989016627,8.09356779311684,90
-1.35455183679884,-0.652294238221757,45
-0.427343882742856,-0.0440560828256267,70
0.331929373411393,-1.30591318074025,70
-0.78095991170361,-0.252239021930259,75
0.140131881407475,-7.37060009589675,80
0.838005184432623,0.943760916006825,65
-0.0664805094136302,0.561031002503562,70
-0.00562854462515034,0.91917034552978,70
-0.377929941578513,-3.78416808151217,85
0.0723974506376568,-0.72150450009698,85
-0.553698180633927,-1.54382331258505,40
0.30920372864549,-0.674547141874884,65
-0.333145724107187,2.09420307031331,55
-0.349760694825493,-2.43113702242259,70
0.0487556778199624,-0.683168206063364,90
-0.149910523312145,2.39507947909133,90
-1.1705213683505,-0.580597884575808,95
-0.162087677872983,0.316415339840706,85
1.11042902045092,-1.31629714391939,65
-0.308653438553014,2.39729010624254,60
-0.876562699068073,-1.34099894203679,70
0.203920514487219,1.7889005609415,85
1.28133896143389,-0.777157018536333,55
0.349845644224349,2.26275576016334,85
0.232126337177531,-0.743782365796226,85
0.787002094535664,-9.7140846965834,85
-0.640779720255593,0.192318952440392,55
-0.505673618026791,-3.73211325714163,80
0.561322542583909,-1.39463355146083,80
0.673792259703546,0.62112409805958,75
-0.438722982486302,-0.337228465595525,85
-1.4804899466477,0.133357627403133,45
0.826829475832512,-0.18090814920161,75
0.0441602268450951,-0.152826150209082,55
0.151746771201417,0.756864271459331,90
-0.521657464200011,0.697036701642921,70
0.114117035895721,0.16464737168775,80
0.956057231041754,-0.270962206704534,70
-1.31939604394886,1.41786563000406,50
0.0838199204234189,-0.332849801164062,60
0.795386160163445,-0.938811534060175,75
0.414197990472198,0.243739307397208,45
-0.834114659618072,-1.5126778199692,80
1.1009037547679,0.447986381856429,80
-0.70889391129504,2.47040764155132,80
0.712615063235561,1.87615211425361,85
-0.140556137189075,0.471448311335564,55
-1.18536607900781,-0.65515049176231,90
-1.08983171138646,0.388419016264044,60
0.895287502609305,-0.331398836304383,60
0.191723749796356,0.326530524747201,5
0.391890601038884,0.13067637025498,75
-0.612952487431918,0.179383185282309,65
0.126899687448021,-0.186813787063713,85
-0.720703556948743,-0.518860378378157,80
-0.373106812996573,-0.386119228006769,85
0.238666676621757,-12.5422510111961,65
-1.39841683267598,0.204192132718868,75
0.490449333706759,1.86871287617463,75
0.808455023177718,-1.0025652471568,50
0.54183961644047,-0.413273058621011,70
-1.47966774670459,4.27545267702905,85
-1.04917160368781,0.562804065137975,80
-0.677412693985721,-0.686282173497057,75
0.287215741997831,0.989611587840388,55
-0.603767581945111,1.57100279111348,85
0.748735321192794,1.65358617508321,80
-0.361004568945062,6.39588420270348,85
1.2461349933501,-1.13829046844162,75
-0.681741589902404,-0.779706696835817,50
-0.664175167595656,0.0561185683375228,85
-0.380930292738882,-1.18059565248588,85
-1.08154301898629,0.489147646251719,45
0.76837787741203,-5.15647546215417,85
0.367220623921241,0.394802450684098,80
-0.15832298744198,2.62101247433825,35
0.475876145283368,1.3700189497549,20
0.693863768841154,-0.0551435423816679,85
-0.571611043150392,0.708767736226308,50
-0.655201823899692,0.340772165932605,75
0.925765684434192,-0.422150831821746,85
-0.300866968127381,0.441005918823999,90
-0.532878496350099,0.945366767819557,75
0.248967143957759,0.558491190337214,65
-1.01397115097058,-1.61975909728285,75
1.03273455082872,1.33949333213933,100
-1.17858623354673,0.180576267310438,70
-1.19882828261128,1.13018392390092,65
-1.17678519626763,-0.684017026900795,85
0.955226750569031,2.65300021877149,85
-0.910320041386013,-0.0945434160982961,85
1.19496182876587,-0.618398185405191,75
-1.39212805896905,-3.16026659676467,50
0.0104737750896608,-0.646127251793925,65
0.863740725458208,-0.00233368348699611,80
1.4240295728152,0.153927535774699,75
0.052576169103443,1.61746826895544,80
-0.407113782252574,-0.313785275588589,85
-0.175146701917408,0.473595571995963,70
0.32013140710215,-1.24816433965673,90
-0.781698770687829,3.01917322591366,65
0.772737334022891,0.481743092735477,75
-0.146346093721758,-0.102192137969697,20
0.186766896175921,1.29119701989307,100
-0.562221221357163,2.3073292696202,85
0.626740705406091,0.186538607104484,95
1.22824665764972,-1.09288632764195,85
-0.512591214851731,-1.78668806353023,50
-0.193008621314111,-0.588566560573673,65
-1.46755972108334,-0.133024911142315,40
0.479030299576617,0.25046581778477,80
0.831863520607672,2.04752482381095,85
1.43411009649094,0.0517590247898564,80
1.18688318547333,-1.25929763689831,85
1.42562159906808,-0.369536740960345,70
0.196630158187275,0.566307747150751,85
0.173401208046333,4.92964765301093,90
-0.0652512542874155,-0.674537491882714,80
0.930861533178255,1.74742177915017,70
-1.33303483930877,-0.910548313895672,65
0.791040790734188,0.339717612137692,60
0.322244446235503,-0.0352187335309032,65
0.268453091075264,-1.28992773513128,85
0.649738342329234,1.97840595191956,90
0.151602396541756,0.256359749850813,80
0.816634008187348,2.29033372833889,85
1.24402189197857,0.0131771609487015,85
1.4464671229901,0.233459032136182,85
-0.192851265866716,16.4273863645261,75
-0.117030184163762,-0.778431970760508,65
0.161052093488561,1.84481672282393,70
1.41841187186393,1.29437563925047,65
-1.44978950711865,-0.00303404021158774,80
-0.032058942293699,1.54262372445289,80
0.350433963950434,-2.78984535127875,80
-0.535682065956134,1.10096571881169,75
-0.588005125314351,-1.36015814418435,75
-0.0436449997710317,2.45403348925548,70
1.05272072033209,1.47395527883482,85
0.60826294236046,-0.925190810158787,95
-1.29185957724648,2.26977007264855,35
-1.28862695016147,1.69061679649131,75
-1.39428820975165,0.47294179689306,95
0.988784323045617,-5.21055659440631,90
-0.372048243993069,0.0239995272791311,75
-0.846198658739273,-0.311571969736264,80
1.09667171598679,1.20006669109953,60
0.236474465349344,0.27247391558991,85
1.30875701284753,-0.734701152938178,70
-0.19308184002462,-0.486761821715185,80
-0.858931832625633,-0.577374855980779,70
-0.459662655312899,-1.88206510425592,85
1.39962982713355,-0.827356067504063,75
-0.462318136764273,0.804431365871072,90
-0.801918739110202,-1.07675113320997,85
1.47110424810314,0.750346159124494,65
-0.760446269436669,-1.37411633603698,70
-0.836845684116525,0.243024725636675,80
-0.0676147298945907,-2.37070333219304,80
1.31298184134698,1.51493797506628,85
-1.12609223209074,-0.618136008973306,85
0.958074632497034,1.56773114957816,20
0.687122719238834,0.64878263835212,70
0.00944383369709866,0.257207831451875,60
0.036603539049915,-0.0994685386464703,60
0.562097300878311,0.924615658023434,65
0.751726804641388,-1.30957626316752,80
0.0821320645343443,1.89040731587544,85
-0.470344603808924,-0.979452307785257,80
1.26479162586711,2.369975509261,35
0.0956305494639275,-0.673061989235363,90
-0.60002762427045,4.0556051913214,45
0.262733421849537,-1.90532759613194,80
1.33911708814698,-2.33598708733683,50
0.4425722815168,-1.45865802034367,70
-0.755253312879439,30.9768876226289,55
-1.13727240903295,0.251450372821534,70
0.549703990599312,-1.61104016930953,65
0.362287301125008,-1.0572169831722,80
0.544985560940479,-1.20823997581099,80
1.03319558763798,-0.343892336366561,40
0.715640087289318,1.91866571496128,65
-0.399634967316397,0.187302134489635,75
0.708235497414605,1.71966551497383,50
-0.993355414724075,-0.766192482532997,70
0.795963362453437,-10.4547934471906,90
0.310795259480922,1.76209417945156,75
1.41646242628485,-0.376502314716795,85
0.376280157049989,2.3113106498483,60
0.158197487015019,-0.943859137159564,85
-0.448322188237236,0.331275286025468,80
-0.89070214011579,0.218039488371414,75
-0.438848829322361,2.79845472671559,70
-0.503786278255501,1.26581501927538,75
-0.0915233434502339,-0.440723288010318,70
-0.903377366429985,-0.448957618839029,70
1.00617254082392,0.69931303424419,70
-0.141738691204179,-0.389166100644223,70
0.448379627422151,0.169139106164329,65
-0.913027354752028,4.50704702390443,65
0.827692314321315,1.44705308513085,80
-0.478401930239585,-0.77598998433484,100
-0.790693017151919,-0.890758370719939,85
0.213622733959307,-1.04560761585722,60
0.310020890043739,-1.04146093103848,70
-0.110631777632385,-0.220965059050162,70
0.140638319127864,-0.463635245923781,95
-0.554319398277632,-0.166105502324494,90
-0.0591952918212464,2.06325729822635,80
0.244951779099208,0.72773233193231,80
-0.654501662876015,2.96063575449262,75
0.243463716389742,-0.0214632543239495,65
-0.572013653626206,0.172413139193547,65
0.63451403838355,-3.14758078031001,80
0.633356475430886,-0.590462365676434,55
0.30961964997022,1.12228979359107,55
0.230637512009274,-0.270367138860737,65
-0.490676293885731,-1.69048034483559,80
0.796474784614522,-2.91483006372638,80
-0.682256116513172,0.576693468947378,85
-0.349157217316502,1.84170706368238,70
1.04156297756122,-0.497987233688335,80
-1.00929691554028,-2.04756031222288,70
0.309303276987595,2.20136029319806,60
1.16725045599808,-0.397610123293229,40
1.19435380297622,0.558391572771795,75
0.596378418669406,-0.104171020752323,60
1.4098157655995,-0.220539716802274,85
-0.473182370605982,0.436877491239787,95
0.417668215176048,-0.856542288653468,85
0.170816974716701,-0.476081570174096,90
0.825123157858884,0.898495844778248,90
-0.637872348828348,0.891820693427637,1
0.243015536455507,-1.51427702165421,75
0.651538261079764,0.125009935261849,90
-1.04155826601795,-0.471336904268606,70
1.03763028750702,-2.49077668362705,75
-0.10626536762546,-1.22718592098604,85
0.16532931865452,1.61052282995964,60
-0.339875740436742,-3.38302107455099,85
1.19157805430031,1.47952123060807,95
-1.04513296200267,2.92678560494022,90
-0.313735145425063,-0.0515405754382197,80
-1.11948394534721,-0.137867596088848,80
-0.6593451638425,-0.306766446743394,55
-0.236715418667147,0.737576908632718,65
0.364220076243522,-0.913301963188748,65
-0.0581769782468968,2.39785998937902,90
-0.419754831406181,-1.34288281949968,80
-0.570497076017633,0.159398741704707,55
0.303601469443864,0.496793223797138,90
-0.341948045492765,-1.86315646078585,65
-1.37861151292186,0.098757633345729,80
1.41060496712891,2.69303557052636,85
0.628087816062045,-0.499304046731969,80
-0.678729858519361,1.42784919109535,65
-0.0129796258784772,-0.0149613650220612,75
0.809808630353875,1.13296905820719,30
-0.691653793389047,-2.37499907297575,95
-0.751652581130803,0.315274147832793,65
0.942156503799872,-0.013130969348649,75
-0.316605060682316,0.460375742636811,80
-0.277287885321911,-0.75661351083828,55
-0.441151494285029,-0.705920945856076,40
0.410398158325189,-0.315113602379768,85
0.15127455033742,0.643518737908801,85
0.17500142579727,-2.40120239433331,90
0.53676160470812,-1.65217121721095,85
0.402660131156801,0.338217986315943,55
1.06530980444336,-0.689462552005184,70
-0.678632309416041,-0.828046292771349,75
0.938800272270802,0.173064042156188,85
-1.48958829790757,-1.92449692787473,75
0.292537173452119,-2.8546218518936,50
0.684784338478218,3.63240274143261,45
1.00667798392776,-0.892956926475226,95
-1.26648195947343,-1.0819362564394,80
-0.523774277849813,0.970541804671431,70
0.0681456305817856,-0.922722904946303,75
1.11468017445184,-0.199486196104243,85
-1.2248534541302,-3.13234282911891,70
-1.494457335755,-0.383530507948439,80
-1.44858810398985,-5.3180003870366,70
0.227689522237363,-0.586985516784724,90
0.0215400664312266,1.81101037797272,90
-0.317460327067622,9.20347060899453,60
0.823512940156685,1.05954970314823,70
0.687863797108998,-0.440939472286753,65
0.112230294204099,-1.38153220428439,90
1.19447291998287,-0.599981163284693,80
0.252047339159394,-0.493752265759888,75
0.575139101892259,1.16625514921796,80
0.261639657093367,-1.46364004807395,85
-1.13104054039245,0.436161259787753,80
0.895785204767661,-0.141169792125821,80
1.16846102975375,-8.05268230214821,75
0.588081290571407,0.597939191051225,90
-0.1740597465475,-0.0752399296922156,85
0.695486094234501,-1.23022971669134,90
-0.00770678170736073,8.22062299617754,80
-0.523464122736367,-1.48802881032024,70
-0.203460307092385,0.724534363578753,85
-0.249787221177296,0.0772112249993093,75
-0.875996604251694,-1.02177241369323,75
-0.366355601550948,0.226814816242543,80
1.35480729252639,4.43181499492542,1
0.938851294306531,0.35764894151736,95
-0.753777774473715,0.815855551770506,75
0.816331857916482,-0.146740631508095,15
0.284441761161451,-1.78728560086267,70
-0.19149985694517,-0.0482900344461433,50
-0.632323478200094,-0.379535737310345,90
-0.246063299389066,0.84496593970024,90
-0.190535374445692,2.06927684607809,75
0.0968600025190357,0.596180242313592,90
0.128739100380714,0.787335962538168,45
-1.43837677943919,0.455319937359813,95
-1.15052431149591,-0.0639556238912359,35
-0.549546349522037,-1.09065667792455,80
-0.007488880122497,-0.827052606941449,20
-0.250623738451608,-0.0799454908922857,85
0.610227326141193,2.31162236697332,80
-1.09950293227821,0.349145835731777,85
0.22317697018866,1.49572636084331,55
0.608656983556359,-0.857870778183646,70
0.0208307811442055,-0.136011494643209,70
1.10694087835412,1.3171885147262,75
0.902033902553354,0.835718172397739,75
-0.520370365983965,-1.2339630790418,85
-0.382609941258298,1.67307692087221,85
0.420541966039167,0.241615342328505,60
0.696376484701074,-0.320404844520042,85
-0.446856136005327,0.651931642203203,70
0.473743661694384,0.289170920833259,45
0.122199337009959,-1.82589198059046,100
-0.782112635860362,-12.1529403272099,70
1.21912201401302,16.2737244982282,70
0.528409630677634,-2.8364024185889,65
0.166555648537049,0.374746488433563,65
0.0812470106640979,1.90329106382795,85
0.572149724267294,-0.0602339721840276,90
0.658503255439329,0.568590490651377,60
-0.882958560936692,0.976742840744281,60
-1.2336243956379,-0.0312467981312238,85
-0.302575104824825,2.17401858317636,80
0.929232765606576,1.39411607424228,20
1.05789674486735,-0.364756708833855,75
1.254783097033,0.600781310265252,85
0.248142566044038,-1.20102939429338,75
0.716661533650419,0.0466008649769543,70
0.203427453224274,0.289051876263622,70
-0.59166508916904,-1.39766238007272,80
0.654777553746732,0.0654271655063402,60
